"Address","Content Type","Size (bytes)","IMG Inlinks","Indexability","Indexability Status","Dimensions"
"https://www.efax.com/wp-content/uploads/2024/10/Desktop.svg","image/svg+xml","0","556","Indexable","",""
"https://www.efax.com/wp-content/uploads/2024/10/Browser-2.svg","image/svg+xml","0","556","Indexable","",""
"https://www.efax.com/wp-content/uploads/2024/10/Mail-Receive-1.svg","image/svg+xml","0","556","Indexable","",""
"https://www.efax.com/wp-content/uploads/2024/10/Small-Business.svg","image/svg+xml","0","556","Indexable","",""
"https://www.efax.com/wp-content/uploads/2024/10/Business-3.svg","image/svg+xml","0","556","Indexable","",""
"https://www.efax.com/wp-content/themes/efax-new/assets/images/Caret-Horizontal.svg","image/svg+xml","0","834","Indexable","",""
"https://www.efax.com/wp-content/uploads/2024/10/Datasheets.svg","image/svg+xml","0","556","Indexable","",""
"https://www.efax.com/wp-content/uploads/2024/10/Email.svg","image/svg+xml","0","556","Indexable","",""
"https://www.efax.com/wp-content/uploads/2024/10/Video-1.svg","image/svg+xml","0","556","Indexable","",""
"https://www.efax.com/wp-content/uploads/2024/10/Devices.svg","image/svg+xml","0","556","Indexable","",""
"https://www.efax.com/wp-content/uploads/2024/10/Blog.svg","image/svg+xml","0","556","Indexable","",""
"https://www.efax.com/wp-content/uploads/2025/06/OnlineFax_Leader_Small-Business_Leader-1.svg","image/svg+xml","0","2","Indexable","",""
"https://www.efax.com/wp-content/uploads/2024/10/Real-Time-Notifications.svg","image/svg+xml","0","556","Indexable","",""
"https://www.efax.com/wp-content/uploads/2024/10/Mobile-Sign.svg","image/svg+xml","0","556","Indexable","",""
"https://www.efax.com/wp-content/uploads/2025/06/OnlineFax_Leader_Leader-1.svg","image/svg+xml","0","4","Indexable","",""
"https://www.efax.com/wp-content/uploads/2024/10/Whitepaper.svg","image/svg+xml","0","556","Indexable","",""
"https://www.efax.com/wp-content/uploads/2025/06/OnlineFax_HighestUserAdoption_Mid-Market_Adoption-1.svg","image/svg+xml","0","64","Indexable","",""
"https://www.efax.com/wp-content/uploads/2024/10/News-2.svg","image/svg+xml","0","556","Indexable","",""
"https://www.efax.com/wp-content/uploads/2024/10/Calendar.svg","image/svg+xml","0","556","Indexable","",""
"https://www.efax.com/wp-content/uploads/2025/06/logo-Fedramp-circle.png","image/png","10348","2","Indexable","",""
"https://www.efax.com/wp-content/uploads/2025/06/OnlineFax_FastestImplementation_Mid-Market_GoLiveTime-1.svg","image/svg+xml","0","64","Indexable","",""
"https://www.efax.com/wp-content/uploads/2024/03/hippa-compliance-logo.svg","image/svg+xml","0","5","Indexable","",""
"https://www.efax.com/wp-content/uploads/2025/03/graphic-25-years.png","image/png","28978","1","Indexable","",""
"https://www.efax.com/wp-content/uploads/2025/03/graphic-4-7-apple-store-rating.png","image/png","14168","1","Indexable","",""
"https://www.efax.com/wp-content/uploads/2024/03/graphic-11-million-plus-users.png","image/png","42496","1","Indexable","",""
"https://www.efax.com/wp-content/uploads/2024/02/icon-blue-briefcase.svg","image/svg+xml","0","55","Indexable","",""
"https://www.efax.com/wp-content/uploads/2024/10/icon-blue-blog.svg","image/svg+xml","0","34","Indexable","",""
"https://www.efax.com/wp-content/uploads/2024/12/graphic-guy-glasses-mobile-apps.png","image/png","132636","2","Indexable","",""
"https://www.efax.com/wp-content/uploads/2024/10/graphic-ePA-use-case-for-clarity.png","image/png","346515","1","Indexable","",""
"https://www.efax.com/wp-content/uploads/2024/10/shutterstock_2225749953.jpg","image/jpeg","340203","2","Indexable","",""
"https://www.efax.com/wp-content/uploads/2024/03/Local-v-International-1.png","image/png","92598","1","Indexable","",""
"https://www.efax.com/wp-content/uploads/2024/05/toll-free-fax-numbers.png","image/png","100969","2","Indexable","",""
"https://www.efax.com/wp-content/uploads/2024/02/icon-blue-savings.svg","image/svg+xml","0","15","Indexable","",""
"https://www.efax.com/wp-content/uploads/2024/03/Slashes-300x146.png","image/png","2238","4","Indexable","",""
"https://lh7-rt.googleusercontent.com/docsz/AD_4nXfU0t4Ky4MoUO5xSD3JZZ3KuTTwZoKKVdRsLeC5W8gKbEFI-x1LD19AYHfwElodlz5EKlLIn9kBwKOXbF4BU5dQBHlgwl1jH0ShsAozLCFOaz7-clwfi2XF-Qip0WoXgX3xAeI5v_Sea4CnCneVIrmNuqjL?key=SKfVWQ5glyaNsQQZwB9i5A","image/png","150929","1","Indexable","",""
"https://lh7-rt.googleusercontent.com/docsz/AD_4nXecN9Um25hGqrBDH-PForxuhqkAjstx3MRuijx1MhMhCKjg5jiUGuKRe_C5DPiCs63N4cQ50Au6t2dE38UhYuqnnO2dXZxvrpkzRXOSLgBPcVdGum62p2v7KmNe0_ylk0lJEg3w3cq-TE8qmPmOZLHfFoZT?key=SKfVWQ5glyaNsQQZwB9i5A","image/png","134255","1","Indexable","",""
"https://lh7-rt.googleusercontent.com/docsz/AD_4nXf0FlWX64SwnCO4_sIusHkmIF4rr02DjP0Fe3jvpwARSVe_npTQS8oWzo5x5eJLkB0m_-RF04nN5_neKmu-NxkXd7QDrIMwkiuddK16ib-EC5Q34iQTxNWmdWaLE7U1pi-dAN-bTjiovRYlBdatR7RzN1s?key=SKfVWQ5glyaNsQQZwB9i5A","image/png","125518","1","Indexable","",""
"https://lh7-rt.googleusercontent.com/docsz/AD_4nXcm-fVAWZvxJ4r_rs1l6Jk5wpGtebFgFfHJnPFCXA5UK6LnAfXZhlERKqHiUplR7DsG4J6f1LhAB-D_8IfqdFfvFF6vQrYBoIwC-cxTe5L93i5Tk0E7mKVpWDlqY3uwhlrfrlX3AxGKjfBv77N9HT3ZM_8?key=SKfVWQ5glyaNsQQZwB9i5A","image/png","1042936","1","Indexable","",""
"https://www.efax.com/wp-content/uploads/2024/07/Customer-Services-hero-image.png","image/png","24533","2","Indexable","",""
"https://www.efax.com/wp-content/uploads/2024/07/Reliability-hero-image.png","image/png","33750","2","Indexable","",""
"https://www.efax.com/wp-content/uploads/2024/06/Integrate-your-mfd-300x227.png","image/png","30137","1","Indexable","",""
"https://www.efax.com/wp-content/uploads/2024/06/Easy-E-Signature-300x220.webp","image/webp","9352","1","Indexable","",""
"https://www.efax.com/wp-content/uploads/2025/07/graphic-fax-medical-records.png","image/png","87913","2","Indexable","",""
"https://www.efax.com/wp-content/uploads/2025/04/graphic-easy-esignature.png","image/png","205073","1","Indexable","",""
"https://www.efax.com/wp-content/uploads/2024/12/graphic-iphone-mobile-waves.png","image/png","96006","1","Indexable","",""
"https://www.efax.com/wp-content/uploads/2024/08/efax-new-customers.png","image/png","136585","5","Indexable","",""
"https://www.efax.com/wp-content/uploads/2024/03/online-faxing-business-invoice.jpg","image/jpeg","11081","1","Indexable","",""
"https://www.efax.com/wp-content/uploads/2024/03/small-business-fax-solutions.jpg","image/jpeg","29267","1","Indexable","",""
"https://www.efax.com/wp-content/uploads/2024/03/best-fax-option-for-small-business.jpg","image/jpeg","21185","1","Indexable","",""
"https://www.efax.com/wp-content/uploads/2024/03/choose-an-online-fax-service.jpg","image/jpeg","20497","1","Indexable","",""
"https://www.efax.com/wp-content/uploads/2025/03/infographic-where-fax-is-still-used.png","image/png","227588","1","Indexable","",""
"https://www.efax.com/wp-content/uploads/2024/03/send-a-fax-message-2.jpg","image/jpeg","19165","1","Indexable","",""
"https://www.efax.com/wp-content/uploads/2025/03/infographic-business-uses-for-faxes.png","image/png","331704","1","Indexable","",""
"https://www.efax.com/wp-content/uploads/2025/08/icon-HTR-Top50-Women-Leaders-Health-Tech-2024-1024x1024.png","image/png","61389","1","Indexable","",""
"https://www.efax.com/wp-content/uploads/2025/08/icon-HTR-Top-100-2024-1024x1024.png","image/png","57440","1","Indexable","",""
"https://www.efax.com/wp-content/uploads/2025/06/G2_2025_HC_Top-50.svg","image/svg+xml","0","1","Indexable","",""
"https://www.efax.com/wp-content/uploads/2025/08/icon-HTR-CEOs-2024.png","image/png","68685","1","Indexable","",""
"https://www.efax.com/wp-content/uploads/2024/02/online-fax-number-formats-international-local-examples-2.png","image/png","70357","1","Indexable","",""
"https://www.efax.com/wp-content/uploads/2024/02/online-fax-number-formats-international-local-examples-1.png","image/png","54896","1","Indexable","",""
"https://www.efax.com/wp-content/uploads/2024/02/online-fax-number-formats-international-local-examples-3.png","image/png","93868","1","Indexable","",""
"https://www.efax.com/wp-content/uploads/2025/10/logo-myfax.svg","image/svg+xml","0","1","Indexable","",""
"https://www.efax.com/wp-content/uploads/2025/10/metrofax-logo-color.svg","image/svg+xml","0","1","Indexable","",""
"https://www.efax.com/wp-content/uploads/2025/11/icon-red-reliable-communication-blue.svg","image/svg+xml","0","3","Indexable","",""
"https://www.efax.com/wp-content/uploads/2025/02/icon-blue-hand-shake.svg","image/svg+xml","0","4","Indexable","",""
"https://www.efax.com/wp-content/uploads/2025/03/graphic-25-years-300x218.png","image/png","14046","1","Indexable","",""
"https://www.efax.com/wp-content/uploads/2024/07/Interoperability-hero-image-300x263.png","image/png","9324","2","Indexable","",""
"https://www.efax.com/wp-content/uploads/2024/03/3-Data-Privacy-and-Security-Regulations-1024x753.png","image/png","318018","2","Indexable","",""
"https://www.efax.com/wp-content/uploads/2025/06/graphic-implement-paperless-business-1024x831.png","image/png","706539","2","Indexable","",""
"https://www.efax.com/wp-content/uploads/2024/10/How-To-Send-Enterprise-Faxes-Online-216x300.png","image/png","93159","1","Indexable","",""
"https://ww2.efax.com/wp-content/uploads/2022/01/woman-using-print-to-fax.jpg","image/jpeg","30309","1","Indexable","",""
"https://ww2.efax.com/wp-content/uploads/2022/01/man-faxing-phone.jpg","image/jpeg","27398","1","Indexable","",""
"https://www.efax.com/wp-content/uploads/2024/12/shutterstock_472371967.jpg","image/jpeg","437308","56","Indexable","",""
"https://www.efax.com/wp-content/uploads/2024/11/shutterstock_178139333.jpg","image/jpeg","423284","56","Indexable","",""
"https://www.efax.com/wp-content/uploads/2024/11/shutterstock_2492625697.jpg","image/jpeg","341427","56","Indexable","",""
"https://www.efax.com/wp-content/uploads/2025/06/shutterstock_2226244055.jpg","image/jpeg","34011","57","Indexable","",""
"https://www.efax.com/wp-content/uploads/2024/10/shutterstock_2481159695-scaled.jpg","image/jpeg","277212","35","Indexable","",""
"https://www.efax.com/wp-content/uploads/2025/04/shutterstock_2136488893-1.jpg","image/jpeg","66519","16","Indexable","",""
"https://www.efax.com/wp-content/uploads/2024/10/shutterstock_2327073131.jpg","image/jpeg","341638","16","Indexable","",""
"https://www.efax.com/wp-content/uploads/2024/10/shutterstock_2490330861.jpg","image/jpeg","212358","16","Indexable","",""
"https://www.efax.com/wp-content/uploads/2024/03/4-compress-large-files.png","image/png","124815","1","Indexable","",""
"https://www.efax.com/wp-content/uploads/2024/12/shutterstock_1610135020.jpg","image/jpeg","479828","30","Indexable","",""
"https://www.efax.com/wp-content/uploads/2025/08/shutterstock_298840415.jpg","image/jpeg","24463","31","Indexable","",""
"https://www.efax.com/wp-content/uploads/2025/04/shutterstock_2120691950-scaled.jpg","image/jpeg","73028","54","Indexable","",""
"https://www.efax.com/wp-content/uploads/2024/10/shutterstock_2476344779.jpg","image/jpeg","315570","30","Indexable","",""
"https://www.efax.com/wp-content/uploads/2025/06/shutterstock_2449222117.jpg","image/jpeg","117322","56","Indexable","",""
"https://www.efax.com/wp-content/uploads/2025/08/shutterstock_1705344982-scaled.jpg","image/jpeg","107976","31","Indexable","",""
"https://www.efax.com/wp-content/uploads/2025/05/shutterstock_2455491379.jpg","image/jpeg","41570","54","Indexable","",""
"https://www.efax.com/wp-content/uploads/2025/08/shutterstock_2409982659.jpg","image/jpeg","55762","31","Indexable","",""
"https://www.efax.com/wp-content/uploads/2025/08/shutterstock_2428640813.jpg","image/jpeg","158389","31","Indexable","",""
"https://www.efax.com/wp-content/uploads/2024/12/shutterstock_2307881793-scaled.jpg","image/jpeg","221745","30","Indexable","",""
"https://www.efax.com/wp-content/uploads/2024/10/shutterstock_2474238105.jpg","image/jpeg","205737","30","Indexable","",""
"https://www.efax.com/wp-content/uploads/2024/03/woman-biz-phone.jpg","image/jpeg","18124","1","Indexable","",""
"https://www.efax.com/wp-content/uploads/2024/01/best-fax-app.jpg","image/jpeg","55332","1","Indexable","",""
"https://www.efax.com/wp-content/uploads/2025/05/shutterstock_612748760.jpg","image/jpeg","128648","57","Indexable","",""
"https://www.efax.com/wp-content/uploads/2024/12/shutterstock_624691754.jpg","image/jpeg","612189","56","Indexable","",""
"https://www.efax.com/wp-content/uploads/2025/05/shutterstock_410722456.jpg","image/jpeg","24335","57","Indexable","",""
"https://www.efax.com/wp-content/uploads/2024/11/shutterstock_2502802715-1.jpg","image/jpeg","317769","56","Indexable","",""
"https://www.efax.com/wp-content/uploads/2025/01/shutterstock_2335804581.jpg","image/jpeg","183148","56","Indexable","",""
"https://www.efax.com/wp-content/uploads/2024/12/shutterstock_130439015.jpg","image/jpeg","378936","56","Indexable","",""
"https://www.efax.com/wp-content/uploads/2024/11/shutterstock_1748437547-1.jpg","image/jpeg","754727","56","Indexable","",""
"https://www.efax.com/wp-content/uploads/2025/03/shutterstock_2421700455.jpg","image/jpeg","114350","57","Indexable","",""
"https://www.efax.com/wp-content/uploads/2025/05/Customer_Highlights-Harnessing-the-Power-of-the-Cloud-to-Support-Growth-Initiatives.gif","image/gif","2445202","1","Indexable","",""
"https://www.efax.com/wp-content/uploads/2025/07/graphic-financial-rediness.jpg","image/jpeg","43906","1","Indexable","",""
"https://www.efax.com/wp-content/uploads/2025/07/graphic-technology-investments-1024x596.jpg","image/jpeg","52613","1","Indexable","",""
"https://www.efax.com/wp-content/uploads/2025/07/graphic-strategic-priorities-1024x462.jpg","image/jpeg","37114","1","Indexable","",""
"https://www.efax.com/wp-content/uploads/2025/07/graphic-telemedicine-1024x684.jpg","image/jpeg","36271","1","Indexable","",""
"https://www.efax.com/wp-content/uploads/2024/03/Woman-smiling-at-laptop.jpg","image/jpeg","12096","1","Indexable","",""
"https://www.efax.com/wp-content/uploads/2024/03/Traditional-Faxing-vs.-Online-Faxing.jpg","image/jpeg","12427","1","Indexable","",""
"https://www.efax.com/wp-content/uploads/2024/03/VHS-VCR.jpg","image/jpeg","12091","1","Indexable","",""
"https://www.efax.com/wp-content/uploads/2024/03/answering-machine.jpg","image/jpeg","7638","1","Indexable","",""
"https://www.efax.com/wp-content/uploads/2024/03/Cellular-Phone.jpg","image/jpeg","11665","1","Indexable","",""
"https://www.efax.com/wp-content/uploads/2024/03/fax-machine-img.jpg","image/jpeg","26457","1","Indexable","",""
"https://www.efax.com/wp-content/uploads/2024/03/Cassette-Tapes.jpg","image/jpeg","15180","1","Indexable","",""
"https://www.efax.com/wp-content/uploads/2024/03/floppy-disk.jpg","image/jpeg","30070","1","Indexable","",""
"https://www.efax.com/wp-content/uploads/2024/03/Pagers.jpg","image/jpeg","7289","1","Indexable","",""
"https://www.efax.com/wp-content/uploads/2024/03/Polaroid-Cameras.jpg","image/jpeg","16558","1","Indexable","",""
"https://www.efax.com/wp-content/uploads/2024/07/blog-fax-header-3.png","image/png","172822","1","Indexable","",""
"https://www.efax.com/wp-content/uploads/2024/07/blog-fax-header-1.png","image/png","45665","1","Indexable","",""
"https://www.efax.com/wp-content/uploads/2024/07/blog-fax-header.png","image/png","175871","1","Indexable","",""
"https://www.efax.com/wp-content/uploads/2024/07/Staples-Store-to-Send-a-Fax-1.png","image/png","30918","1","Indexable","",""
"https://www.efax.com/wp-content/uploads/2024/07/FedEx-Website.png","image/png","98504","1","Indexable","",""
"https://enterprise.efax.com/wp-content/uploads/2022/03/printer-scanner-copier-1.jpg","image/jpeg","56765","1","Indexable","",""
"https://lh7-rt.googleusercontent.com/docsz/AD_4nXdKh5TpLi496wfYe209ZjioitRmVwi8rN7zFBG2Kv4MMCqBDsy3nu9TRqiJ10BcXN5ova62lUC1NdJYoIf0CComY00mSrf50x0Jg1T5Ox6YiwOMvt7W-yomKHCVxpkxopg6CfQ8?key=86Hc71GaSIzYjFcXdIH5DFCv","image/png","62081","1","Indexable","",""
"https://www.efax.com/wp-content/uploads/2025/07/graphic-Executive-Leadership-Report_Targeting-the-Biggest-Bang-for-the-Buck_Page_09-1024x242.jpg","image/jpeg","21142","1","Indexable","",""
"https://www.efax.com/wp-content/uploads/2024/10/athena_diagram.svg","image/svg+xml","0","1","Indexable","",""
